,GDP in 2021($ billion),Financial commitments($ billion),Humanitarian commitments($ billion),Military commitments($ billion),Total bilateral commitments($ billion),Share in EU commitments($ billion),Specific weapons and equipment($ billion),Financial commitments with military purpose($ billion),Total bilateral commitments of short term($ billion)
count,42.0,42.0,42.0,42.0,42.0,42.0,42.0,42.0,42.0
mean,0.09650193759409302,0.039860797731597196,0.13973110883697346,0.061700011395015984,0.0776182015118086,0.10447887819286225,0.059419911728329576,0.06531865628665601,0.06850815419011476
std,0.21518022379038446,0.16026476710047202,0.25522683824010084,0.16838017381770093,0.20470599231537276,0.21782456540773093,0.16853005112000724,0.21170712722168616,0.1782201113271672
min,0.0,0.0,0.0,0.0,0.0,0.0,0.0,0.0,0.0
25%,0.0049572792406647834,0.0,0.004002402939182785,9.076444773516154e-05,0.0011108606146567764,0.0,7.135687395306267e-05,0.0,0.001129359534089975
50%,0.020423232622494403,0.0005247439443900985,0.028004540976382813,0.005028044223928023,0.010739911145671827,0.01612385974299916,0.0028222205216985857,0.0,0.010384715405728318
75%,0.07421412729193161,0.008716945654053048,0.11778723190090981,0.04093213917898526,0.052086624067856746,0.08425384832733245,0.03284024566330495,0.022543839086061612,0.04932648623374561
max,1.0000000000000002,0.9999999999999999,1.0,1.0,0.9999999999999999,1.0,1.0,1.0,1.0
