,Financial allocations($ billion),Humanitarian allocations($ billion),Military allocations($ billion),Total bilateral allocations($ billion),Share in EU allocations($ billion)
count,41.0,41.0,41.0,41.0,41.0
mean,0.06003755988339607,0.11182084329191741,0.048077335870548646,0.06073517905749628,0.0894374151289439
std,0.1950181280169442,0.22701208177509888,0.1591039185629565,0.16979529589964953,0.19880732363865258
min,0.0,0.0,0.0,0.0,0.0
25%,0.0,0.0036251670891622482,7.77295458485006e-05,0.00111382962830792,0.0
50%,0.001445060602229006,0.018463972133904626,0.0037228187077483097,0.00842735721664302,0.012030900422597152
75%,0.0245660302378931,0.11475043605957805,0.023214595250476682,0.048418239316560266,0.08544049974399802
max,0.9999999999999999,1.0,1.0,1.0,1.0
